Weight,Length1,Length2,Height,Width
1.0,0.5147919455368533,0.5309808242946255,0.14399259469477335,0.3655974538610778
0.5147919455368533,1.0,0.6543493964138926,0.06075539198426836,0.3329211902433638
0.5309808242946255,0.6543493964138926,1.0,0.07588771028185477,0.36288870991011085
0.14399259469477335,0.06075539198426836,0.07588771028185477,1.0,0.25398326012687183
0.3655974538610778,0.3329211902433638,0.36288870991011085,0.25398326012687183,1.0
