Weight,Length1,Length2,Length3,Height,Width
7159.0,7159.0,7159.0,7159.0,7159.0,7159.0
442.4524235228384,26.049657773432042,27.972440284956,44.18660427433999,8.502477915910044,4.762518955161336
380.61453677111194,10.978721683030962,11.925594700079985,39.7041307698404,4.056574513994007,1.8479646787359103
0.0,7.1,8.0,8.0,1.0024,1.0017
131.0,18.1,19.2,25.05,6.26585,3.11685
335.0,25.5,27.6,34.4,8.5728,4.628
711.0,32.1,34.7,42.9,10.83,6.332
1650.0,59.0,63.9,228.8,19.0,8.142
